{
  "cce:/internal/x/cc": {
    "mTimestamp": 889129.5494149998,
    "chunkId": "quick-pack:/cce/internal/x/cc.js",
    "imports": [
      {
        "value": "cce:/internal/x/cc-fu/base",
        "loc": {
          "start": {
            "line": 1,
            "column": 14
          },
          "end": {
            "line": 1,
            "column": 42
          }
        }
      },
      {
        "value": "cce:/internal/x/cc-fu/gfx-webgl",
        "loc": {
          "start": {
            "line": 2,
            "column": 14
          },
          "end": {
            "line": 2,
            "column": 47
          }
        }
      },
      {
        "value": "cce:/internal/x/cc-fu/gfx-webgl2",
        "loc": {
          "start": {
            "line": 3,
            "column": 14
          },
          "end": {
            "line": 3,
            "column": 48
          }
        }
      },
      {
        "value": "cce:/internal/x/cc-fu/profiler",
        "loc": {
          "start": {
            "line": 4,
            "column": 14
          },
          "end": {
            "line": 4,
            "column": 46
          }
        }
      },
      {
        "value": "cce:/internal/x/cc-fu/tween",
        "loc": {
          "start": {
            "line": 5,
            "column": 14
          },
          "end": {
            "line": 5,
            "column": 43
          }
        }
      },
      {
        "value": "cce:/internal/x/cc-fu/2d",
        "loc": {
          "start": {
            "line": 6,
            "column": 14
          },
          "end": {
            "line": 6,
            "column": 40
          }
        }
      },
      {
        "value": "cce:/internal/x/cc-fu/ui",
        "loc": {
          "start": {
            "line": 7,
            "column": 14
          },
          "end": {
            "line": 7,
            "column": 40
          }
        }
      }
    ],
    "modLoMetadata": {
      "type": "esm"
    },
    "resolvedImports": [
      {
        "specifierOrURL": "cce:/internal/x/cc-fu/base",
        "isExternal": true
      },
      {
        "specifierOrURL": "cce:/internal/x/cc-fu/gfx-webgl",
        "isExternal": true
      },
      {
        "specifierOrURL": "cce:/internal/x/cc-fu/gfx-webgl2",
        "isExternal": true
      },
      {
        "specifierOrURL": "cce:/internal/x/cc-fu/profiler",
        "isExternal": true
      },
      {
        "specifierOrURL": "cce:/internal/x/cc-fu/tween",
        "isExternal": true
      },
      {
        "specifierOrURL": "cce:/internal/x/cc-fu/2d",
        "isExternal": true
      },
      {
        "specifierOrURL": "cce:/internal/x/cc-fu/ui",
        "isExternal": true
      }
    ]
  },
  "cce:/internal/x/prerequisite-imports": {
    "mTimestamp": 743658.4434549995,
    "chunkId": "quick-pack:/cce/internal/x/prerequisite-imports.js",
    "imports": [
      {
        "value": "file:///Users/yangbo/Desktop/temp/TestWxRank/assets/Main.ts",
        "loc": {
          "start": {
            "line": 4,
            "column": 7
          },
          "end": {
            "line": 4,
            "column": 68
          }
        }
      }
    ],
    "modLoMetadata": {
      "type": "esm"
    },
    "resolvedImports": [
      {
        "isExternal": false,
        "url": "file:///Users/yangbo/Desktop/temp/TestWxRank/assets/Main.ts"
      }
    ]
  },
  "file:///Users/yangbo/Desktop/temp/TestWxRank/assets/Main.ts": {
    "mTimestamp": 1625109519873.1653,
    "chunkId": "assets/Main.js",
    "imports": [
      {
        "value": "cc"
      },
      {
        "value": "cc",
        "loc": {
          "start": {
            "line": 1,
            "column": 20
          },
          "end": {
            "line": 1,
            "column": 24
          }
        }
      }
    ],
    "modLoMetadata": {
      "type": "esm"
    },
    "resolvedImports": [
      {
        "isExternal": false,
        "url": "cce:/internal/x/cc"
      },
      {
        "isExternal": false,
        "url": "cce:/internal/x/cc"
      }
    ]
  }
}
