{
  "__version__": "1.2.8",
  "common": {
    "outputName": "wechatgame",
    "mainBundleCompressionType": "merge_dep",
    "platform": "wechatgame",
    "md5Cache": true
  },
  "BuildTaskManager": {
    "taskMap": {
      "1625109240798": {
        "id": "1625109240798",
        "progress": 1,
        "state": "success",
        "message": "2021-7-1 15:38 Build success in 3797 ms!",
        "options": {
          "packages": {
            "cocos-service": {
              "configID": "3c12e0",
              "services": [
                {
                  "service_id": "235",
                  "service_component_name": "service-analytics",
                  "builder": "/Users/yangbo/.CocosCreator/.service/analytics/builder/builder.js",
                  "enable": false,
                  "params": {}
                }
              ]
            },
            "wechatgame": {
              "startSceneAssetBundle": false,
              "orientation": "portrait",
              "appid": "wx69425cd5d6aa4eff",
              "separateEngine": false,
              "wasm": "js",
              "buildOpenDataContextTemplate": true
            }
          },
          "name": "TestWxRank",
          "platform": "wechatgame",
          "buildPath": "project://build",
          "debug": false,
          "md5Cache": true,
          "sourceMaps": false,
          "replaceSplashScreen": false,
          "mainBundleCompressionType": "merge_dep",
          "mainBundleIsRemote": false,
          "mergeStartScene": false,
          "experimentalEraseModules": false,
          "compressTexture": true,
          "packAutoAtlas": true,
          "startScene": "f1d65a2a-4323-463b-b66a-51c4f6091749",
          "scenes": [
            {
              "url": "db://assets/scene.scene",
              "uuid": "f1d65a2a-4323-463b-b66a-51c4f6091749"
            }
          ],
          "outputName": "wechatgame"
        },
        "time": "2021-7-1 15:38",
        "dirty": true,
        "rawOptions": {
          "packages": {
            "cocos-service": {
              "configID": "3c12e0",
              "services": [
                {
                  "service_id": "235",
                  "service_component_name": "service-analytics",
                  "builder": "/Users/yangbo/.CocosCreator/.service/analytics/builder/builder.js",
                  "enable": false,
                  "params": {}
                }
              ]
            },
            "wechatgame": {
              "startSceneAssetBundle": false,
              "orientation": "portrait",
              "appid": "wx640177575fed3fa8",
              "separateEngine": false,
              "wasm": "js",
              "buildOpenDataContextTemplate": true
            }
          },
          "name": "TestWxRank",
          "platform": "wechatgame",
          "buildPath": "project://build",
          "debug": false,
          "md5Cache": true,
          "sourceMaps": false,
          "replaceSplashScreen": false,
          "mainBundleCompressionType": "merge_dep",
          "mainBundleIsRemote": false,
          "mergeStartScene": false,
          "experimentalEraseModules": false,
          "compressTexture": true,
          "packAutoAtlas": true,
          "startScene": "f1d65a2a-4323-463b-b66a-51c4f6091749",
          "scenes": [
            {
              "url": "db://assets/scene.scene",
              "uuid": "f1d65a2a-4323-463b-b66a-51c4f6091749"
            }
          ],
          "outputName": "wechatgame"
        }
      }
    }
  }
}
