{
  "options": {
    "web-desktop": {
      "configID": "3c12e0",
      "services": [
        {
          "service_id": "235",
          "service_component_name": "service-analytics",
          "builder": "/Users/yangbo/.CocosCreator/.service/analytics/builder/builder.js",
          "enable": false,
          "params": {}
        }
      ]
    },
    "wechatgame": {
      "configID": "3c12e0",
      "services": [
        {
          "service_id": "235",
          "service_component_name": "service-analytics",
          "builder": "/Users/yangbo/.CocosCreator/.service/analytics/builder/builder.js",
          "enable": false,
          "params": {}
        }
      ]
    }
  },
  "builder-options": {
    "configID": "3c12e0",
    "services": [
      {
        "service_id": "235",
        "service_component_name": "service-analytics",
        "builder": "/Users/yangbo/.CocosCreator/.service/analytics/builder/builder.js",
        "enable": false,
        "params": {}
      }
    ]
  }
}
