{
  "quick-pack:/cce/internal/x/cc.js": {
    "imports": {},
    "physicalLocation": "cce/internal/x/cc.js",
    "mTimestamp": 1625108796154,
    "isEntry": true,
    "exposeAs": "cce:/internal/x/cc"
  },
  "quick-pack:/cce/internal/x/prerequisite-imports.js": {
    "imports": {
      "file:///Users/yangbo/Desktop/temp/TestWxRank/assets/Main.ts": "assets/Main.js"
    },
    "physicalLocation": "cce/internal/x/prerequisite-imports.js",
    "mTimestamp": 1625109526706,
    "isEntry": true,
    "exposeAs": "cce:/internal/x/prerequisite-imports"
  },
  "assets/Main.js": {
    "imports": {
      "cc": "quick-pack:/cce/internal/x/cc.js"
    },
    "physicalLocation": "fs/0/assets/Main.js",
    "mTimestamp": 1625109526735
  }
}
