{
  "/Users/yangbo/Desktop/temp/TestWxRank/assets/Main.ts.meta": {
    "time": 1625108910666.006
  },
  "/Users/yangbo/Desktop/temp/TestWxRank/assets/Main.ts": {
    "time": 1625109519873.1653,
    "uuid": "be30ee26-072d-481c-b5bf-b930bff58518",
    "missing": false
  },
  "/Users/yangbo/Desktop/temp/TestWxRank/assets/scene.scene.meta": {
    "time": 1625109188488.9824
  },
  "/Users/yangbo/Desktop/temp/TestWxRank/assets/scene.scene": {
    "time": 1625125099784.6145,
    "uuid": "f1d65a2a-4323-463b-b66a-51c4f6091749",
    "missing": false
  }
}
